{"cameraMode":{"drawMode":0,"name":"Shaded","section":"Shading Mode"},"sceneLighting":true,"audioPlay":false,"sceneViewState":{"showFog":true,"showMaterialUpdate":true,"showSkybox":true,"showFlares":true,"showImageEffects":true,"showParticleSystems":true},"in2DMode":false,"pivot":{"x":-0.911988377571106,"y":1.2681275606155396,"z":2.030355453491211},"rotation":{"x":-0.03930206969380379,"y":-0.003901517251506448,"z":0.00015278557839337736,"w":-0.9992197751998901},"size":1.4916815757751465,"orthographic":false}