{"cameraMode":{"drawMode":0,"name":"Shaded","section":"Shading Mode"},"sceneLighting":true,"audioPlay":false,"sceneViewState":{"showFog":true,"showMaterialUpdate":true,"showSkybox":true,"showFlares":true,"showImageEffects":true,"showParticleSystems":true},"in2DMode":false,"pivot":{"x":-0.9053081274032593,"y":-3.199800968170166,"z":5.052101135253906},"rotation":{"x":-0.3166055977344513,"y":0.0021081329323351385,"z":-0.0007046547834761441,"w":-0.9485546946525574},"size":14.028179168701172,"orthographic":false}