{"cameraMode":{"drawMode":0,"name":"Shaded","section":"Shading Mode"},"sceneLighting":true,"audioPlay":false,"sceneViewState":{"showFog":true,"showMaterialUpdate":true,"showSkybox":true,"showFlares":true,"showImageEffects":true,"showParticleSystems":true},"in2DMode":false,"pivot":{"x":0.36188745498657229,"y":0.2517780065536499,"z":18.25609016418457},"rotation":{"x":-0.03413698449730873,"y":0.01871168613433838,"z":-0.0006403950392268598,"w":-0.999241828918457},"size":18.150609970092775,"orthographic":false}