{"cameraMode":{"drawMode":0,"name":"Shaded","section":"Shading Mode"},"sceneLighting":true,"audioPlay":false,"sceneViewState":{"showFog":true,"showMaterialUpdate":false,"showSkybox":true,"showFlares":true,"showImageEffects":true,"showParticleSystems":true},"in2DMode":false,"pivot":{"x":-2.974500894546509,"y":-1.7960506677627564,"z":2.52075457572937},"rotation":{"x":-0.32828038930892947,"y":0.3135686218738556,"z":-0.11653037369251251,"w":-0.8833614587783814},"size":10.726975440979004,"orthographic":false}