{"cameraMode":{"drawMode":0,"name":"Shaded","section":"Shading Mode"},"sceneLighting":true,"audioPlay":false,"sceneViewState":{"showFog":true,"showMaterialUpdate":false,"showSkybox":true,"showFlares":true,"showImageEffects":true,"showParticleSystems":true},"in2DMode":false,"pivot":{"x":0.7927821278572083,"y":2.3450191020965578,"z":0.2557673454284668},"rotation":{"x":0.13772332668304444,"y":0.046349458396434787,"z":-0.006449103355407715,"w":0.9894014000892639},"size":23.91702651977539,"orthographic":false}