{"cameraMode":{"drawMode":0,"name":"Shaded","section":"Shading Mode"},"sceneLighting":true,"audioPlay":false,"sceneViewState":{"showFog":true,"showMaterialUpdate":false,"showSkybox":true,"showFlares":true,"showImageEffects":true,"showParticleSystems":true},"in2DMode":false,"pivot":{"x":0.17085722088813783,"y":-0.845818281173706,"z":-9.611827850341797},"rotation":{"x":0.002110932022333145,"y":0.9929954409599304,"z":-0.11702548712491989,"w":0.017860161140561105},"size":5.771633625030518,"orthographic":false}