{"cameraMode":{"drawMode":0,"name":"Shaded","section":"Shading Mode"},"sceneLighting":true,"audioPlay":false,"sceneViewState":{"showFog":true,"showMaterialUpdate":false,"showSkybox":true,"showFlares":true,"showImageEffects":true,"showParticleSystems":true},"in2DMode":false,"pivot":{"x":-4.441694736480713,"y":-2.174548864364624,"z":2.738252878189087},"rotation":{"x":0.23723338544368745,"y":-0.5163615345954895,"z":0.15146026015281678,"w":0.8088195323944092},"size":4.234781265258789,"orthographic":false}